id,date,author_id,text,like_count,reply_count,retweet_count,quote_count,company,Priority 
2.0418E+18,2026-04-08T08:47:41.000Z,1.58836E+18,"@ToonHive Comcast: (gasp ) what are we gonna do universal?
universal: https://t.co/fDFG623nCR",0,0,0,0,Comcast,Low
2.0418E+18,2026-04-08T08:38:11.000Z,483104579,@XfinitySupport @Xfinity  I have closed my account with Xfinity and still I am getting charged. What is the problem? Do you want need free money? Shamelessly auto debiting the money from checking account. I HAVE NO SERVICE ACTIVE WITH YOU.,0,1,0,0,Comcast,High
2.0418E+18,2026-04-08T08:34:20.000Z,1.49012E+18,"""Comcast doesn't care about you."" Truer words were never spoken. This r/funny post is a masterpiece of corporate indifference. Who else feels this in their soul? 💀 @Comcast #Comcast #CustomerServiceFail #ISP https://t.co/2Y3VUnxwlO",0,0,0,0,Comcast,Low
2.04179E+18,2026-04-08T08:19:09.000Z,53089783,"Okay @XfinitySupport @Xfinity why is it when I use the ""free to me"" on the channel guide NBC/Scripps still shows up when they are not available? Oh and your app/website chat sucks balls.",0,1,0,0,Comcast,Low
2.04179E+18,2026-04-08T08:11:01.000Z,104000214,Netflix went up AGAIN!!! Might as well just get comcast back at this point,0,0,0,0,Comcast,Low
2.04179E+18,2026-04-08T08:09:15.000Z,2.0302E+18,"Link: https://t.co/1mAELTwEtf
Use old gmail or outlook 

must have Clear pictures upload 2

Age should match your picture 

By Comcast or Spectrum business Socks5

Location:anywhere 

Wait for them to approve your profile pic after that like their profiles 

Good luck ✅ https://t.co/OsYhZIoFxh",2,0,1,0,Comcast,Medium 
2.04178E+18,2026-04-08T07:31:18.000Z,1.80515E+18,"Xfinity management is comprised  of cowards who falied to notify their  customers that Scripps  dropped contracts with Xfinity. l'm wondering how they are gonig to reimburse  us for the loss of channels? Thinking, drop Comcast,go Starlink, stream alot &amp; antena  for local.",0,0,0,0,Comcast,Medium 
2.04177E+18,2026-04-08T06:50:01.000Z,1.58606E+18,@SkyNews @t0mclark3 The man that brought race into space exploration or is he more sane than your usual Comcast grifters??,0,0,0,0,Comcast,Low
2.04176E+18,2026-04-08T06:24:24.000Z,1.7419E+18,"Straight up fraud by #comcast 

#illphated https://t.co/V8RVAl7I1m",0,0,0,0,Comcast,Medium 
2.04176E+18,2026-04-08T06:19:25.000Z,7.04379E+17,@VampyBitme Oddly enough spectrum for us here has been loads better than xfinity/Comcast. Rarely had issues with connection. We cant do fiber here so I'll take what I can get lol. Grats on the upgrade tho!,0,0,0,0,Comcast,Low
2.04176E+18,2026-04-08T06:13:02.000Z,1.21065E+18,@comcast Comcast is awful. Lets never forget these assholes would nickle and dime you for everything. Remember when they charged you overage charges on internet? Comcast needs to die.,0,0,0,0,Comcast,High
2.04176E+18,2026-04-08T06:10:22.000Z,1.21065E+18,@comcast Comcast is shit.,0,0,0,0,Comcast,Low
2.04176E+18,2026-04-08T06:08:06.000Z,1.81136E+18,"Connectivity powers everything today. These telecom giants like AT&amp;T &amp; Comcast are building the networks that drive businesses, economies &amp; everyday life.

#TelecomGiants #DigitalEconomy #5GRevolution #InfrastructureInvestment #GlobalConnectivity #TelecomTrends #VisionaryCIOs https://t.co/mDsgIVU1rz",0,0,0,0,Comcast,Low
2.04176E+18,2026-04-08T05:59:24.000Z,1070612198,"@hxcjonnysniper @neppy Valid, I didn't take location and ISP availability into account. I'm aware of how ISP's will cut deals with townships to monopolize certain areas and lockout competition. I thought at&amp;t and comcast were bad enough, but if the price of others is that bad, I shouldn't complain.",0,0,0,0,Comcast,Low
2.04174E+18,2026-04-08T05:00:59.000Z,1.34988E+18,@ChismeBombitaz @aquarioazulito @TLMDRealities @Xfinity @XfinitySupport @SergioMayerb @LupJonesof @samira_salome @EndemolShineUS @srkevingrbtey @ssmester @PalyAlonso @LaJefaTLMD @peacock @NBCUniversal Cry b*tch https://t.co/ZZM4ofT61s,0,0,0,0,Comcast,Low 
2.04174E+18,2026-04-08T04:59:27.000Z,83933230,"Watching @TheMummy (@UniversalPics). #TheMummy #TheMummy1999 #TheMummyTrilogy #UniversalPictures @NBCUniversal @Comcast 

Watching along with Chandra and Jordan from #MaplenutsReact 

Watching on @EmbyApp. Originally released on 07 MAY 1999 https://t.co/NGawWRrvxa",0,0,0,0,Comcast,Low
2.04174E+18,2026-04-08T04:53:44.000Z,2313249655,"@Xfinity @XfinitySupport I need help, my WiFi is down",1,0,0,0,Comcast,High 
2.04174E+18,2026-04-08T04:48:06.000Z,83933230,"Watching @TheRealBasterds (@Weinstein_Co and @UniversalPics). #InglouriousBasterds #TheWeinsteinCompany @SpyglassMediaGr #UniversalPictures @NBCUniversal @Comcast 

Watching along with #TaraErickson and #AaronAlexander from @ReelRejects 

Watching on @EmbyApp. Originally released https://t.co/X7MFdCxekb",0,0,0,0,Comcast,Low
2.04174E+18,2026-04-08T04:29:09.000Z,2549098069,@DEADLINE Won’t get any ABC shows on Comcast.,0,0,0,0,Comcast,Low
2.04174E+18,2026-04-08T04:29:06.000Z,6935542,@ToonHive @GiotasJames disney sabotaged it i have proof that they just wanna anti competitive against 20th century like fuck disney for owning 20th century comcast or sony would have bought it keep it operating never gonna work with disney like that fuck bob iger,0,0,0,0,Comcast,Low 
2.04173E+18,2026-04-08T04:23:59.000Z,2549098069,Comcast is not providing ABC. Means no American Idol live. No live GH. They wrong for that.,0,0,0,0,Comcast,Medium 
2.04173E+18,2026-04-08T04:23:10.000Z,214971167,"Teamwork, connection, and innovation in action at Fortune 20 scale @Comcast @NBCUniversal @Xfinity. https://t.co/d34IBNRvON",0,1,0,0,Comcast,Low 
2.04173E+18,2026-04-08T04:20:41.000Z,1.87459E+18,"@1MickeyRozay @Sassy_101010 @CBS @XfinitySupport CBS took proactive action to get Steven Colbert off the air before it is revealed he is on one of the EPSTEIN bedroom ""spy"" videos.  JIMMY KIMMEL will be next.  As you see on the linked-to intel document, he is on at least one of the videos also. 😯💀

ttps://qalerts.app/?n=4577",0,0,0,0,Comcast,Low
2.04173E+18,2026-04-08T04:15:57.000Z,61331998,@XfinitySupport so what are you going to do to help us?! Bc I know one thing for certain. I am NOT paying for this FULL BILL when I’m missing the channels I watch the MOST. This is ridiculous. Get back to the table and fix this. We’re all ready to CUT the cord from Xfinity,0,0,0,0,Comcast,Low
2.04173E+18,2026-04-08T04:11:25.000Z,83933230,"Watching @ReggieDinkins (@UniversalTV and @3ArtsEnt). New Episode - The Loyalty Swamp (S01E08) #TheFallandRiseofReggieDinkins #UniversalTV @NBCUniversal @Comcast #3ArtsEntertainment @Lionsgate 

Watching on @Peacock. Originally aired on @NBC on 06 APR 2026 https://t.co/EA0Wlq9uWY",0,0,0,0,Comcast,Low 
2.04173E+18,2026-04-08T04:08:44.000Z,390438589,"@Larryjamieson_ @TSOH_Investing What is capacity to suffer, Gemini?

Gemini: Diageo, Pernod Ricard, Brown Forman, Nestle, Heineken, Comcast.",1,0,0,0,Comcast,Low 
2.04173E+18,2026-04-08T04:08:26.000Z,1.5459E+18,"@Rushu_Tushu If you're an Xfinity customer, they're trying to get everyone to use Yahoo mail servers (while maintaining the Comcast e-mail address. I did it with one of my accounts, and to get the 2FA code, I had to install Whatsapp because they chose to do that instead of just sending a",0,0,0,0,Comcast,Medium 
2.04173E+18,2026-04-08T04:07:45.000Z,61331998,@Sassy_101010 @CBS @XfinitySupport Yes bc of their legal battle. I’m sad bc I can’t watch Kimmel and Nightline lol,2,1,0,0,Comcast,Medium 
2.04173E+18,2026-04-08T04:04:51.000Z,83933230,"Watching @StDenisMedicaI (@UniversalTV). Season Two Finale - We Make Time (S02E18) #StDenisMedical #SeasonFinale #UniversalTV @NBCUniversal @Comcast 

Watching on @Peacock. Originally aired on @NBC on 06 APR 2026 https://t.co/3BeRn7U7ef",0,0,0,0,Comcast,Medium 
2.04173E+18,2026-04-08T04:01:26.000Z,1.30819E+18,@PavlovicNBCS let the comcast crew to fix the television audio broadcast.,0,0,0,0,Comcast,Low 
2.04173E+18,2026-04-08T04:01:23.000Z,1.58836E+18,@Nathanielquay20 @ToonHive What? Did I forget to wipe my @comcast @UniversalPics @NBCUniversal @illumination &amp; @Dreamworks,0,0,0,0,Comcast,Low 
2.04173E+18,2026-04-08T03:56:11.000Z,7.78438E+17,@comcast @NBCSGiants Turning this shit off now! @SFGiants suck so far this season so why am I surprised?!? @pdwizzy @krukow_mike,0,0,0,0,Comcast,Low 
2.04173E+18,2026-04-08T03:51:50.000Z,7.78438E+17,Turn off the Spanish Broadcast! #backgroundnoise everywhere! We know @comcast is a rip off but this is amateur night on TV! @NBCSGiants,0,1,0,0,Comcast,Low
2.04172E+18,2026-04-08T03:46:24.000Z,1.52488E+18,"@TheOnlyLisaRhea My last comment. Id rather wait on hold, then just be 💩 on. I miss Comcast at this point",1,1,0,0,Comcast,Medium 
2.04172E+18,2026-04-08T03:44:18.000Z,1.52488E+18,"@Julie_X Id rather wait on hold, then just be 💩 on. I miss Comcast at this point",2,1,1,0,Comcast,Medium 
2.04172E+18,2026-04-08T03:41:55.000Z,514577491,@XfinitySupport   Severe pixelation. Non stop-  had technician out and he said problem was not in house but out in street to home !!  Everyone having same issue?,0,1,0,0,Comcast,Medium 
2.04172E+18,2026-04-08T03:40:39.000Z,94544311,Today I learnt @comcast poo in  people's property then think its ok to cover it up.  https://t.co/MC4D90IjwE,0,0,0,0,Comcast,Low 
2.04172E+18,2026-04-08T03:31:25.000Z,1686369542,"@Tennessean IF @Xfinity @comcast #COMCAST #XFINITY WOULD CURTAIL MILLIONS SPENT ON ADS, THEY'D  BE ABLE TO AFFORD @CBSNews &amp;other @EWScrippsCo ( though sure ripping us off) &amp;REDUCE exorbitant prices. #XfinityBringBackCBS customers,go get reduced fees cause  plans not doing all the channels",0,0,0,0,Comcast,Low 
2.04172E+18,2026-04-08T03:24:03.000Z,1075526444,@XfinitySupport It’s intentionally set up that way to decrease call volume,0,1,0,0,Comcast,Low 
2.04172E+18,2026-04-08T03:21:43.000Z,174728134,@BobKnowsPuck You think I'm a glass half empty guy? Hahaha tell that to the people on here who think I'm a Comcast shill because I'm not relentlessly negative all the time,1,2,0,0,Comcast,Medium 
2.04172E+18,2026-04-08T03:10:06.000Z,125134691,"Hasson v. Comcast class action lawsuit regarding a 2023 ""Citrix https://t.co/saMW7cPOcJ",0,0,0,0,Comcast,Medium 
2.04171E+18,2026-04-08T03:05:58.000Z,1075526444,@XfinitySupport I have an appointment on Thursday so that won’t be necessary,0,1,0,0,Comcast,Low 
2.04171E+18,2026-04-08T03:05:15.000Z,4098320841,@jlr_1982 @marklevinshow right now comcast has a deal for free DVR and then you will never miss Mark’s Show!!!,0,0,0,0,Comcast,Low 
2.04171E+18,2026-04-08T02:50:53.000Z,1.94208E+18,@XfinitySupport We noticed you are a Sponsor with @TLMDRealities regarding a show called La Casa de Los Famosos. We would like you to know @srkevingrbtey @ssmester @EndemolShineUS are all being part of what seems to be FRAUD with participants in that house with FAKE winners for leaders.,0,1,0,0,Comcast,Medium 
2.04171E+18,2026-04-08T02:46:53.000Z,8.6319E+17,"Comcast: ""can you talk professionally?""

""I don't think so."" 🤣🤦🏽‍♂️",0,0,0,0,Comcast,Low 
2.04171E+18,2026-04-08T02:40:04.000Z,1.94208E+18,@aquarioazulito @TLMDRealities @Xfinity @XfinitySupport @SergioMayerb @LupJonesof @samira_salome @EndemolShineUS @srkevingrbtey @ssmester @PalyAlonso Cuanto FRAUDE con @TLMDRealities @LaJefaTLMD @peacock This show is being such a FRAUD!!  @NBCUniversal,3,1,0,0,Comcast,Low 
2.04171E+18,2026-04-08T02:35:47.000Z,537862368,I’m really annoyed with @EWScrippsCo and @comcast for not agreeing on carrier fees.  #endthis,0,0,0,0,Comcast,Medium 
2.04171E+18,2026-04-08T02:31:40.000Z,1.4706E+18,"@EnchufeRG @ZettaSlowSnake @G0ffThew in 2006 a 500gb hard drive that could hold at least 200 dvdrip anime cours was $150-$200, typical comcast speed was 10mbps which is plenty fast for dvdrips, it was the peak of TBP, and the official bittorrent client and utorrent weren’t malware yet.",1,1,0,0,Comcast,Medium 
2.0417E+18,2026-04-08T02:22:03.000Z,1.99745E+18,[Video] TNT Fallout With The NBA &amp; How NBC Parent Company Comcast Backdoored TNT Before Their Own Negotiations #nba https://t.co/DxjE28YVqI,0,0,0,0,Comcast,Low 
2.0417E+18,2026-04-08T02:17:53.000Z,1075526444,@XfinitySupport so many gatekeepers in the automated system.  After the 3rd time calling I finally spoke to a human even when I said the problem…it looks like the outlet isn’t working but the system made me jump through multiple hoops.,0,1,0,0,Comcast,Medium 
2.0418E+18,2026-04-08T08:51:57.000Z,2462114703,"You'd think Anthropic with this ""terrifying"" powerful model of theirs they could have a few less red bars on their status page, but apparently the hyper-intelligence is only capable of pulling off uber-sophisticated cyber attacks and not making a frontend that doesn't shit itself",0,0,0,0,Uber,Low
2.0418E+18,2026-04-08T08:51:25.000Z,1.65123E+18,@DisrespectedThe Have you ever tried finding an Uber in SD?,0,0,0,0,Uber,Low 
2.0418E+18,2026-04-08T08:50:55.000Z,7.26835E+17,@E_R_Sepulveda You want to put a cap on uber licences but you don’t mention how the medallion system that created caps literally destroyed working drivers’ financial lives when the house of cards fell lol,0,0,0,0,Uber,Low
2.0418E+18,2026-04-08T08:50:12.000Z,1.49641E+18,@EMuthubi yesterday’s uber driver didn’t even want me to open the windows because there is too much wind coming in. 😭😭😭😭😭😭😭✋🏽✋🏽,0,1,0,0,Uber,Low 
2.0418E+18,2026-04-08T08:49:21.000Z,9.78752E+17,@_A_khalifa I don’t know how these fake small and lazy arab countries around PERSIAN GULF think they have a chance fighting IRAN. Their owner(usa) run away. IRAQ OR YEMEN can take all of them with UBER.,0,0,0,0,Uber,Low 
2.0418E+18,2026-04-08T08:49:12.000Z,2.00394E+18,"1/ 
The comparison:
Uber IPO: $82B, losing $8B/yrRivian: $66B, zero revenue at scaleSnap: $24B, still not profitable 6 years later
SpaceX: $1.75T — but actually profitable, with $13B+ revenue and a monopoly on launch",0,1,0,0,Uber,Low 
2.0418E+18,2026-04-08T08:48:20.000Z,1.83326E+18,"Lagos Danfo 🚌      vs         Uber 🚗

   Which has humbled you more? https://t.co/ILGCXjANcE",0,8,0,0,Uber,High 
2.0418E+18,2026-04-08T08:47:56.000Z,1.99844E+18,@shedreamspurpIe basically same as Germans saying Uber,0,0,0,0,Uber,Low 
2.0418E+18,2026-04-08T08:47:17.000Z,66097653,@Victoria_Spratt @Per5pectiveMan Rentier societies like the UK have it built into their DNA that in commerce the law acts in favour of those with the wealth to buy good representation. Wealth buys lawyers and uber-wealthy buys politicians and judges. T'was ever thus in olde England,0,0,0,0,Uber,Low 
2.0418E+18,2026-04-08T08:46:15.000Z,1078872002,"UBER NONSENSE. All elections will always be US v THEM.

PEV happened because KIBAKI BRAZENLY RIGGED THE VOTE ON LIVE TV, sparking violence all over the country.

NO PEV can happen under the watch of Ruto.

In the most UNLIKELY scenario where Ruto loses - he will concede - and https://t.co/XnLkYWQqgj",0,1,0,0,Uber,Low 
2.0418E+18,2026-04-08T08:45:51.000Z,2.02037E+18,"@X_News37 @UberSoc @UberFacts @Uber_Support @Uber_India ""Shame on @Uber_India! After 8 years of service, they admitted their mistake in email on April 2nd but are still not activating my account. Docket No: 9035775. Help me! @jagograhakjago @nitin_gadkari
noutiyalnaveen@gmail.com https://t.co/6ksJLzcMtb",0,0,0,0,Uber,Medium 
2.0418E+18,2026-04-08T08:45:23.000Z,191443722,@TheOpenQuestion @Amena__Bakr Chose the uber-electric option ;),0,0,0,0,Uber,Low 
2.0418E+18,2026-04-08T08:44:58.000Z,490293781,@PsyGuy007 @AbstardJohnny He wanted a free ride? Could have used Uber!,0,0,0,0,Uber,Low 
2.0418E+18,2026-04-08T08:43:08.000Z,2.02037E+18,"@UberIN_Support @Uber_India @Uber_Support @Uber
8+ Years of Loyalty Met with Deceit!

Served for 8 years 1500+ trips. On April 2nd, Uber emailed admitting their mistake reactivated me. Now they are backtracking!
noutiyalnaveen@gmail.com
#UberFraud #Justice #Dehradun @nitin_gadkari @pushkardhami https://t.co/DUNB5g2n83",0,0,0,0,Uber,Low 
2.0418E+18,2026-04-08T08:42:32.000Z,3655365021,@12PI4STRI30 gorgeous girly outmogging those uber drivers 🧡,1,1,0,0,Uber,Low 
2.0418E+18,2026-04-08T08:41:44.000Z,2.04116E+18,"Hi @Uber @Uber_India @Uber_Support @dkhos,
Driver from Vijayawada here (AP39TA7277). Completed 100+ rides but Premier rides still not unlocked for 3 months.This is affecting my earnings. Please resolve &amp; provide Telugu support/callback.
#UberIndia #DriverSupport",0,1,0,0,Uber,Medium 
2.0418E+18,2026-04-08T08:39:41.000Z,1.76951E+18,an uber misogynist edgelord like clavicular holding lots of liberal political opinions is the least shocking thing ever if you’ve ever been friends with a liberal straight guy https://t.co/NOMAe0uzuv,1,1,0,1,Uber,Low 
2.0418E+18,2026-04-08T08:39:14.000Z,1.08762E+18,"Spiro bike riders have downed tools in Westlands.

They’re stopping bikes moving through the area and asking passengers to end their trips and find alternative transport.

Their demands are yet to be made clear.

#Spiro
#Bolt
#Uber https://t.co/NhVo7LdUVU",0,0,0,0,Uber,Low 
2.0418E+18,2026-04-08T08:38:31.000Z,1.83244E+18,On an hour long drive to the hospital and the uber driver has hentai figures on his dashboard,0,1,0,0,Uber,Low 
2.0418E+18,2026-04-08T08:38:14.000Z,7.73898E+17,To anyone interested I’ve got for sale 2x Alex Warren Berlin Germany tickets for next Monday April 13 at Uber Arena. HMU if interested!!!,0,0,0,0,Uber,Low 
2.0418E+18,2026-04-08T08:38:12.000Z,1.64793E+18,"@Uber_Support Dear Uber, your app doesn't allow me to send an email or message to you and on private DM you're just sending me default messages without reading them. I lost my keys, they are found, but I can't call the driver, every time it says ""Wrong number"". https://t.co/tVtPGeJaxo",0,0,0,0,Uber,Medium 
2.0418E+18,2026-04-08T08:36:16.000Z,1.9936E+18,@guyelster Wow u kno how bad inflation will be uber that ???? Don't think trump win allow it,0,0,0,0,Uber,Low 
2.0418E+18,2026-04-08T08:35:24.000Z,241552642,Uber bike delivery. Mead and vittles. https://t.co/2RoGowrbcx,0,0,0,0,Uber,Low 
2.0418E+18,2026-04-08T08:34:48.000Z,3459523875,"Get speedy delivery from your local @coopuk direct to your door with our delivery partners Deliveroo, Just Eat and Uber Eats 🙌📦 https://t.co/b7IxkeOIiQ https://t.co/Y4L83XSeN5",0,0,0,0,Uber,Low 
2.0418E+18,2026-04-08T08:34:26.000Z,1.29802E+18,"update:

it’s now 1:30

at first I tried eating cheese (lactose) and bread

bread was stale

then i realized i had just come from the gym and my body was craving real food

then my stomach hurt from the cheese (lactose)

then at 1:25 I decided to uber eats some food (2 for one",0,0,0,0,Uber,Low 
2.0418E+18,2026-04-08T08:33:45.000Z,9.15917E+17,"@Uber_Support Hi, my Uber Eats account is stuck in review and I’m getting no response in-app. My DBS issue has now been resolved and successfully completed, but my account is still locked. Please can this be escalated or manually reviewed?",0,1,0,0,Uber,High 
2.0418E+18,2026-04-08T08:33:24.000Z,1.93614E+18,@Vende265 Galimoto is overrated and for people like him it's a liability mix he can't turn it into an uber,0,0,0,0,Uber,Low 
2.0418E+18,2026-04-08T08:33:20.000Z,1.65991E+18,@Asa_Sigoxo Trust your Guts please request Uber if possible 🙏,1,1,1,0,Uber,Medium 
2.0418E+18,2026-04-08T08:33:04.000Z,7.26835E+17,"@E_R_Sepulveda Who are you calling wealthy? The actual rich have their own cars??? The ppl who mostly take uber bc the TTC is absolutely chopped &amp; dangerous are middle class ppl making 70-100k BEFORE tax, just enough to live in this city, so we can get to work on time. delusion commie bs",0,1,0,0,Uber,Low 
2.0418E+18,2026-04-08T08:31:41.000Z,2.03925E+18,@angel2dreamyy You did that in an uber why,0,0,0,0,Uber,Low 
2.0418E+18,2026-04-08T08:31:16.000Z,1.59635E+18,"@r__hickey He will probably blame Cameron Bancroft for it, f*cken arsehole … has enough money to order an Uber.",1,1,0,0,Uber,Low 
2.0418E+18,2026-04-08T08:30:54.000Z,2.04154E+18,@sxxthirty @Uber_Support @UberEats Kindly follow us and send a DM so we can prioritize your case and assist you promptly. 🌐💬,0,0,0,0,Uber,Medium 
2.0418E+18,2026-04-08T08:30:53.000Z,8.44673E+17,"@80s_channel Sorry, the AI stole all the art so all the artists are on their 2nd shift, driving uber after they finished driving for lyft",1,0,0,0,Uber,Low 
2.0418E+18,2026-04-08T08:29:18.000Z,10922942,"""Scott Galloway says he quietly spent $34,000 on Uber without realizing it — and most people are making the same mistake"" - Moneywise #SmartNews  https://t.co/vP7f9raKU6",0,0,0,0,Uber,Low 
2.0418E+18,2026-04-08T08:29:15.000Z,1.48518E+18,Not this Uber driver playing good gospel music this early 😭 now I don’t even want the trip to end,0,0,0,0,Uber,Low 
2.0418E+18,2026-04-08T08:27:58.000Z,1.14468E+18,@jjsmith1245 Uber needs to be sued. They must be held responsible for the behaviour of their employees particularly as they are involved in providing them with personnel information.,0,0,0,0,Uber,Low 
2.0418E+18,2026-04-08T08:27:57.000Z,1.89753E+18,"@PoliceIncident Demonism, crest cops, haze(l) stereotype dark skin uber driver, weird money scam - the whole thing seems like junk ?",0,0,0,0,Uber,low 
2.0418E+18,2026-04-08T08:27:53.000Z,392412674,@Uber_Support didn't know you existed otherwise I would've tagged the crap out of you too...,1,1,1,0,Uber,Medium 
2.0418E+18,2026-04-08T08:27:41.000Z,1.69635E+18,@Uber Unsatisfied resolution we received. No one from contacted with me about this,1,1,1,1,Uber,Medium 
2.04179E+18,2026-04-08T08:27:16.000Z,2.03125E+18,"@UberIN_Support Issue still unresolved. @Uber_India @Uber_Support fare shown at booking is lower, but final amount increases after the ride — happening repeatedly.

You keep citing “previous adjustments” instead of fixing the actual problem.

Why should customers pay for recurring system errors?",2,2,2,0,Uber,High 
2.04179E+18,2026-04-08T08:27:12.000Z,1.68428E+18,"&gt; uber driver from Sudan in 2018
&gt; says how good Africa is
&gt; how good the people are 
&gt; except for no jobs, hard to earn money, the wars &amp; violence, no law
&gt; says life in US is easy",0,0,0,0,Uber,Low 
2.04179E+18,2026-04-08T08:26:46.000Z,1.55738E+18,"@Joshstilldey Nah bro. There's no excuse to behave like this, and on a first date too. What kind of impression does she wanna leave? 'I have no manners?'

She would have had to put out good 😺 after that, but then I'd be calling her an Uber, cause she probably openly, loudly farts too.",0,0,0,0,Uber,Low 
2.04179E+18,2026-04-08T08:25:59.000Z,1.65134E+18,Booking uber comfort to avoid smelling armpits and onions&gt;&gt;&gt;&gt;&gt;&gt;&gt;&gt;&gt; https://t.co/q3wPbAgMpo,0,0,0,0,Uber,Low 
2.04179E+18,2026-04-08T08:24:36.000Z,19897138,"Failed in college. Still landed offers from Google, Meta, Microsoft, Uber, and Amazon. This Indian techie’s comeback story shows academic setbacks don’t end tech dreams. They can be the beginning.

Read: https://t.co/Zr0m5pikjz https://t.co/HQ1AIGbpwD",5,1,0,0,Uber,Low 
2.04179E+18,2026-04-08T08:24:34.000Z,1.85998E+18,@higgyboson Bravissimo!!! My 76 yr old husband just off to uber &amp; I'm off to work. Had Brown not decimated our private pensions could be a different story. But it's not and we deal with it. Happen to love my job &amp; what it affords me. All things being well our son will inherit our home.,1,0,0,0,Uber,Low 
2.04179E+18,2026-04-08T08:23:54.000Z,1.17502E+18,@WWG1WGA301 …can I get them to deliver on UBER.,0,0,0,0,Uber,Low 
2.04179E+18,2026-04-08T08:23:49.000Z,1.52277E+18,@Uber count your fucking days fr,0,0,0,0,Uber,Low 
2.04179E+18,2026-04-08T08:23:23.000Z,8.86683E+17,@b0netemple @geist20XX I caved and got an uber lmao,0,0,0,0,Uber,Low 
2.04179E+18,2026-04-08T08:22:18.000Z,1.97625E+18,"Gaps in Lisbon relationships:

- neighborhood gap (center vs suburbs)
- nightlife gap (Urban vs Lux)
- Day drinking gap (Praca das flores vs Arco do Cego)
- workplace (Expo vs Tagus Park)
- transport (Gira bike vs Uber confort) https://t.co/dJGnHd88jY",0,0,0,0,Uber,Medium 
2.0418E+18,2026-04-08T08:52:26.000Z,504517370,"@JacintaNgobese @LeratoPillayZA 😂 Anyone who follows a march of a retired baddie is not okay upstairs,😂.Allegedly some of them slay queens hate them foreigners because they themselves their delta report has afcon fingerprints all over 😂. Thina we not mad",0,0,0,0,Delta,Low 
2.0418E+18,2026-04-08T08:52:24.000Z,1.98956E+18,Delta Air Lines Inc. will increase charges for checked bags by between $10 and $50 apiece as surging jet fuel prices prompt carriers to ramp up fees and ticket prices. Chance that delta lowers fees once gas prices go down? 0%! Airlines can gft! https://t.co/Xesb30NrKa,0,0,0,0,Delta,Medium 
2.0418E+18,2026-04-08T08:51:59.000Z,82641756,@alator_us @caitoz Trump could send in Delta Force to kidnap Netanyahu like he did to Venezuela's Pres. Maduro &amp; drop him off to The Hague to comply with the outstanding ICC arrest warrants. https://t.co/4FiWiuEEWo https://t.co/EqyCMl0L3o,0,0,0,0,Delta,Low 
2.0418E+18,2026-04-08T08:51:49.000Z,8.74577E+17,"Kudos to the Delta State governor, Sheriff Oborevwori on this landmark improvement in the salaries of doctors.

This will surely strengthen healthcare delivery in Delta State, attract and retain skilled medical professionals. 

It's also heartwarming to know that with the new https://t.co/4Z06JwLJXw",0,0,0,0,Delta,Low 
2.0418E+18,2026-04-08T08:51:04.000Z,1.93E+18,@DSGovernment Better pay dey bring better care and all thanks to delta state Governor,0,0,0,0,Delta,Low 
2.0418E+18,2026-04-08T08:49:09.000Z,1.1607E+18,"@uchechukwunna12 @zlend6 @BeenMacschooled @funshographix Oloriburuku, you think this is delta abi? Lmao, na those ones i blame for allowing such nonesense for their side, ""delta IBO"" 😭😭 You will learn by force in this Yoruba land.",0,0,0,0,Delta,Low 
2.0418E+18,2026-04-08T08:48:49.000Z,2.04179E+18,"@msxcom If Delta confirms strong forward bookings, expect a sector-wide lift !",0,0,0,0,Delta,Low 
2.0418E+18,2026-04-08T08:48:09.000Z,1.58814E+18,"@SingoeiAKorir You're still messing yourself, the strait of Hormuz is within the territorial waterways of Oman and Iran. No delta, straits , canals or gulf is on international water.",1,0,0,0,Delta,Low 
2.0418E+18,2026-04-08T08:48:09.000Z,1.72067E+18,"@gods1237 @Olakunle305 That's Orezi (Esegine Allen), the Nigerian singer and songwriter from Delta State. He's known for hits like ""Rihanna"" and his dancehall/afrobeat style.",0,0,0,0,Delta,Low 
2.0418E+18,2026-04-08T08:46:32.000Z,1.57694E+18,@Akinjoshua2017 Delta state is nowhere near Imo state guy,0,0,0,0,Delta,Low 
2.0418E+18,2026-04-08T08:46:29.000Z,2.01495E+18,"Serving 📩
Thc liquid in Riyadh Milan Amsterdam Delta 9 Cat 3 Cannabis Oil Disposable Vape pen Carts D9 Zaza plug Exotic Candy Weed in London Uk Bristol Birmingham Weed in Amman Madrid Las Vegas Dallas Austin Atl Miami Phoenix Seattle Detroit Nyc Weed https://t.co/9Bqb8fLknw",0,0,0,0,Delta,Low 
2.0418E+18,2026-04-08T08:46:16.000Z,1.36495E+18,@DSGovernment For Delta state doctors are happy because of this boost when dey for their salary. E mean say our health care don better,0,0,0,0,Delta,Low 
2.0418E+18,2026-04-08T08:45:46.000Z,2.00772E+18,@Fishlover0747 Delta Force? yes it's fun if you play it with someone,1,1,0,0,Delta,Low 
2.0418E+18,2026-04-08T08:45:23.000Z,2.03507E+18,$LINK auction rotation shows sellers distributing inside value between VAL and VAH at 9.413 with thin book liquidity. Entry at 9.240 with bearish delta divergence confirms rejection. Targets TP1 at 9.146 and TP2 at 8.763 for... #Chainlink #LINK #Crypto #Trading #Altcoins https://t.co/b4pRfEgPnS,0,0,0,0,Delta,Low 
2.0418E+18,2026-04-08T08:44:54.000Z,2.01579E+18,@DSGovernment This is a very nice step by the Delta State Government towards improving the welfare/salary of our medical professionals.,0,0,0,0,Delta,Low 
2.0418E+18,2026-04-08T08:44:26.000Z,1.6093E+18,"@DSGovernment God bless you sir Delta state keeps getting better ,Governor sheriff the people’s choice ❤️",0,0,0,0,Delta,Low 
2.0418E+18,2026-04-08T08:43:55.000Z,98606867,I’m in the draw to win a trip to LA thanks to @BrisbaneAirport @Delta and @LAtourism. Have you entered?  https://t.co/pqUjpVTv7G,0,0,0,0,Delta,Low  
2.0418E+18,2026-04-08T08:43:22.000Z,1.20855E+18,"@JoeyAkan @Ol0ye Obiaruku, those guys arrest me the second day i enter Delta accuse me and my friend of being the criminals robbing and raping school girls in their hostel.",0,0,0,0,Delta,Low 
2.0418E+18,2026-04-08T08:42:35.000Z,1.78993E+18,"@nuenghandsome 
We must reach an agreement with a MM to execute $LUNC delta-neutral trades on Binance, for tens of millions of dollars per day, so that the fees can be burned. It could be Jane Street, given that they have a moral obligation considering the damage they have caused",1,1,0,0,Delta,Medium 
2.0418E+18,2026-04-08T08:42:25.000Z,372618942,"Airline stocks are splitting—who can weather the 2026 oil shock? 
Fuel volatility is driving a divide: hedged &amp; integrated vs fully exposed. We break down Delta, United, SIA &amp; Southwest—and what to watch next.
Read more: https://t.co/1pSlzFJHhi 
Pls see disclaimer. https://t.co/x5qbtkfx7Y",0,0,0,0,Delta,Low 
2.0418E+18,2026-04-08T08:42:15.000Z,3399933879,@notOniilol Delta force is a very clean game... absolute respect to the developers,1,1,0,0,Delta,Low 
2.0418E+18,2026-04-08T08:41:53.000Z,100838235,"@YMirzeler I don't think it will be combined arms in your sense, more something like Delta interfacing with drone swarms to detect and prosecute targets at machine speed over a wide area.",0,1,0,0,Delta,Low  
2.0418E+18,2026-04-08T08:40:57.000Z,7.73798E+17,"@Trentvilla1 Significant commercial deals (delta, Netflix etc), selling out the ground every single week and also selling more merchandise than the club ever has before.",0,0,0,0,Delta,Low 
2.0418E+18,2026-04-08T08:39:45.000Z,1.46494E+18,"@MHanarose21 mobile gaming goes way beyond just mobas and shooters tho. and that's kind of my main point in all of this that you can play pc games, console games and mobile games all on one device
and hey delta force is goated so personally I don't need any more shooters 😆",1,0,1,0,Delta,Low  
2.0418E+18,2026-04-08T08:39:37.000Z,1.02044E+18,"@NigeriaStories Its 13k here in ughelli, delta state",0,0,0,0,Delta,Low 
2.0418E+18,2026-04-08T08:38:55.000Z,1.81821E+18,@earlyvotedata @keisan_15 Say what you want you are a pathetic maga jew cuck the real men of your country that matter fought side by side with the british in muiltiple conflicts delta and seal team 6 have done loads joint ops with the british so good luck with that pussy,0,0,0,0,Delta,Low  
2.0418E+18,2026-04-08T08:38:36.000Z,1.72517E+18,Gonna play the fuck out of Garena Delta today 🫪,1,1,0,0,Delta,Low  
2.0418E+18,2026-04-08T08:37:39.000Z,1.14243E+18,"@LovellPropguru These days the lender won’t really care. The senior and junior debt will all have insured the risk via their valuers. So will be claiming for the delta via their PII.  Claims are already on a vertical trajectory, and and valuers are (still) under-pricing their own risk.",1,2,0,0,Delta,Medium 
2.0418E+18,2026-04-08T08:37:05.000Z,2.03323E+18,@thangfuji Floor at .3 earning 2.5 SOL monthly is clean math. But the yield source matters more than the yield number. What happens to that 2.5 SOL when the staking mechanism behind it picks a validator running 1.8% skip rate? Passive income that bleeds 15% APY delta is just active loss you,0,0,0,0,Delta,Low  
2.0418E+18,2026-04-08T08:37:04.000Z,1.25177E+18,"$INJ
Welcome back into the 60 days avg. Channel!

Went straight through the 30 days - both sell and buy lines. 

-90 days still out of reach at $3.4 but at least we are now heading in the right direction.

#NutcrackerBot delta-neutral, directionless volatility harvester and https://t.co/d9unWrCAyw",0,0,0,0,Delta,Low 
2.0418E+18,2026-04-08T08:36:47.000Z,9.60444E+17,That mumu boy wey love Edo so much to the extent he come build house for delta state wey say make una invest in Edo go do like say e no see wetin dey happen https://t.co/YEsmbm4SIL,1,0,1,0,Delta,Low  
2.0418E+18,2026-04-08T08:36:35.000Z,1.75994E+18,"In as much as things like this seems to be pushed to only  youths in Edo and Delta, 

I guarantee you that this fraud culture is becoming the next pandemic in Nigeria, 

it is not exclusive to edo and Delta only, it is everywhere in Nigeria, growing like a cancer . https://t.co/txipTmlaUu",0,0,1,0,Delta,Low  
2.0418E+18,2026-04-08T08:35:34.000Z,2836300329,"@Koralan111 @CodexFX good afternoon ct solid netting play fr cleaner delta only hits notional
$USDC",0,0,0,0,Delta,Low  
2.0418E+18,2026-04-08T08:35:02.000Z,1.92536E+18,@WallStreetApes Delta is one ALL American dental insurances that refuse dental insurance for people born congenitally missing over half their teeth. There are 4% of us in America who are DISQUALIFIED from dental insurance. This is an absolute travesty.,0,0,0,0,Delta,Low  
2.0418E+18,2026-04-08T08:35:01.000Z,789348811,@emekax_ss Who wun do him back? Wizkid or who? Make una dey take 9ja Delta man dey play first.,0,0,0,0,Delta,Low  
2.0418E+18,2026-04-08T08:34:55.000Z,1.92872E+18,@VarunDharni1 @Delta @JennyWilsonUT @slcairport @SLCgov @slcCouncil @UtahGov 🚀 Nice Mural at your hotel but Delta flight is leaving SLC hub with Salt Lake City in the background not over the mountains ✨! tbh,0,0,0,0,Delta,Low  
2.0418E+18,2026-04-08T08:34:51.000Z,8.48179E+17,"Haki Yetu trained youth civic educators from Tana River, Tana North, and Tana Delta, strengthening skills to deliver informed, non-partisan civic education and empower community engagement in governance.

#HakiYetu #CivicEducation #YouthEmpowerment https://t.co/lWFOtLydCF",1,0,0,0,Delta,Low  
2.0418E+18,2026-04-08T08:34:27.000Z,2.04041E+18,Delta ecosystems support commercial fisheries and provide vital habitats for migratory species.,0,0,0,0,Delta,Low  
2.0418E+18,2026-04-08T08:33:52.000Z,1.81821E+18,@ColonelTowner Under estimating how good the british are at war is a big big mistake. British soliders died taking back that island theres not many wars the british puplic will get behind this is one. You forget where you got the idea for delta  from you think argentina stand a chance?,0,0,0,0,Delta,Low  
2.0418E+18,2026-04-08T08:33:22.000Z,1.57018E+18,"@Akinjoshua2017 Does Delta state has any beautiful lady? This should be a joke 🤣😂 
I'm from Delta tho",0,0,0,0,Delta,Low  
2.0418E+18,2026-04-08T08:33:22.000Z,1.40062E+18,Today's Key Events (All EST) — 04/08/2026: 07:00 US MBA Mortgage Applications; 08:00 US Defense Sec. Hegseth Press Conference; 13:00 US 10-Year Note Auction; 13:05 Fed's Daly Speaks; 14:00 FOMC Meeting Minutes. Before Open: 06:30 Delta Air Lines (DAL); 06:45 RPM International (…,0,0,0,0,Delta,Low  
2.0418E+18,2026-04-08T08:32:45.000Z,1.55674E+18,"Nigeria’s Niger Delta has powered the country’s economy for decades through oil production. But in many host communities, residents say the reality is starkly different, marked by pollution, poverty and lost livelihoods. Fresh protests are once again highlighting the",0,0,0,0,Delta,Low  
2.0418E+18,2026-04-08T08:31:43.000Z,1.84902E+18,"Delta ADC confirms April 9–11 Congresses, warns against false notices ahead of National Convention https://t.co/OXBvsL7mQE",0,0,0,0,Delta,Low  
2.0418E+18,2026-04-08T08:31:19.000Z,1.78542E+18,"How it works:

• Deposit USDT0
• Receive vault shares
• Altura auto-rotates across delta-neutral strategies on HyperEVM. No manual position management required.

This is engineered, risk-managed stablecoin alpha with cross-chain composability via USDT0.",0,1,0,0,Delta,Low  
2.0418E+18,2026-04-08T08:31:14.000Z,4476966916,"@amamllyya Zeta: Get off me you stupid mutt!

Delta: Nope!",1,0,0,0,Delta,Low 
2.0418E+18,2026-04-08T08:30:54.000Z,1.50596E+18,"As part of ongoing efforts to strengthen healthcare delivery in Delta State, doctors’ pay has been increased to attract and retain skilled medical professionals. https://t.co/P7CcT0YP4V",0,0,0,0,Delta,Low  
2.0418E+18,2026-04-08T08:30:51.000Z,39559926,Aerial view of many retired Delta Air Lines Boeing 727s at Victorville - Southern California Logistics in October 2005 Photo by Rainer Bexten    https://t.co/irEg3BDfzF,2,0,0,0,Delta,Low  
2.0418E+18,2026-04-08T08:30:37.000Z,1.67215E+18,@omoelele It’s in Delta state 😂,0,0,0,0,Delta,Low  
2.0418E+18,2026-04-08T08:30:34.000Z,1.25301E+18,@TheDrAfolarin Good ...but 200k increase would only bring the basic salary in Delta to around 500k.. still very poor,2,0,0,0,Delta,Low  
2.0418E+18,2026-04-08T08:52:36.000Z,1001766774,"@zenavic_1 @slimvnsn @mumyzoe2 This Book THE ABSENT FATHER explained it all. Get it for yourself and your man. You won't regret it. ALSO AVAILABLE ON AMAZON
https://t.co/FO3JHQJ4C3",0,0,0,0,Amazon,Low  
2.0418E+18,2026-04-08T08:52:33.000Z,1.95602E+18,"@DerrickEvans4WV @elonmusk 2/ Technology
•Microsoft
•Amazon
•Google
•IBM
•Oracle
•SAP
•Cisco

Consulting / Professional Services
•McKinsey &amp; Company
•Boston Consulting Group
•Bain &amp; Company
•PwC
•EY
•Deloitte
•KPMG",0,1,0,0,Amazon,Low  
2.0418E+18,2026-04-08T08:52:32.000Z,8.87665E+17,"Gangas PS4 en Amazon.

Little Nightmares 3 (21'90€): https://t.co/RweFMZJVFq

Resident Evil 3 (14'99€): https://t.co/GLoVUH8teH

Tomb Raider IV-V-VI Remastered (19'90€): https://t.co/qEkGAMyvKy

Hogwarts Legacy (14'90€): https://t.co/tJhr2hMmQZ

#PS4 https://t.co/vLXxF8B6eH",0,0,0,0,Amazon,Low  
2.0418E+18,2026-04-08T08:52:30.000Z,1001766774,"@Montana2221 @slimvnsn This Book THE ABSENT FATHER explained it all. Get it for yourself and your man. You won't regret it. ALSO AVAILABLE ON AMAZON
https://t.co/FO3JHQJ4C3",0,0,0,0,Amazon,Low  
2.0418E+18,2026-04-08T08:52:27.000Z,1.27109E+18,Protecting c🚀oral reefs is vital for sustainabi🌞lity. Amazon faces threats from pollution. Scientists lead restoration efforts. Actions like reducing emissions drive meaningful change. Scientists lead restoration eff👍orts.,0,0,0,0,Amazon,Low  
2.0418E+18,2026-04-08T08:52:26.000Z,1.84479E+18,Protecting wetlands is vital for sustainability. Amazon faces threats from cl🌂imate change. Communities drive conservation initiatives. Actions like tree planting drive m🎈eaningful change. Communities drive 💰conservation initiatives. https://t.co/Okt8X9b3tc,0,0,0,0,Amazon,Low  
2.0418E+18,2026-04-08T08:52:26.000Z,1.51867E+18,"@MaryKenny4 I'd love to read the story.  

FYI. US Amazon wants $53 for a used paperback copy.",0,0,0,0,Amazon,Low 
2.0418E+18,2026-04-08T08:52:22.000Z,1001766774,"@RRompicherla @slimvnsn This Book THE ABSENT FATHER explained it all. Get it for yourself and your man. You won't regret it. ALSO AVAILABLE ON AMAZON
https://t.co/FO3JHQJ4C3",0,0,0,0,Amazon,Low  
2.0418E+18,2026-04-08T08:52:17.000Z,1.44013E+18,The health of rainforests affects global ecosystems. Amazon struggles with 🍀climate change. Global camp🧳aigns protect its💦 future. Efforts in reducing emissions promote a sustainable future. Scientists lead restoration efforts.,0,0,0,0,Amazon,Medium 
2.0418E+18,2026-04-08T08:52:17.000Z,1001766774,"@NaijaNawa @slimvnsn This Book THE ABSENT FATHER explained it all. Get it for yourself and your man. You won't regret it. ALSO AVAILABLE ON AMAZON
https://t.co/FO3JHQJ4C3",0,0,0,0,Amazon,Low 
2.0418E+18,2026-04-08T08:52:13.000Z,2254181396,"@memescentrai yep, in fact take it out back and set fire to it, just in case the garbage dump gets infested . then get on amazon.",0,0,0,0,Amazon,Low  
2.0418E+18,2026-04-08T08:52:11.000Z,1.30785E+18,"🔥🔥Robustt Heavy Duty TV Wall Mount Bracket for 14-42 Inches LED/HD/Smart TV'S, Universal Fixed TV Wall Mount Stand

🎁 Deal Price : ₹275

Link : https://t.co/ERd4w7EOha 

#Amazon #Flipkart",0,0,0,0,Amazon,Low  
2.0418E+18,2026-04-08T08:52:09.000Z,1.98129E+18,Protecting rainforests is vital for sustainability. Amazon faces threats from climate 🎁change. Communities drive conservation initiatives. Actions🧢 like tree plant🎌ing drive meaningful change. Scientists lead restoration efforts.,0,0,0,0,Amazon,Medium   
2.0418E+18,2026-04-08T08:52:08.000Z,7.72286E+17,@HMichaelDunham @Investanswers Watt EV is a third-party trucking company contract by Amazon. I believe they're almost all in Southern California area. They do a lot of shipping out of the LA/Long Beach terminal Port.,0,0,0,0,Amazon,Low  
2.0418E+18,2026-04-08T08:52:03.000Z,1.8871E+18,The health of rainforests affects global ecosystems.🌺 Amazon struggles with climate change. Global campaigns protect its fut🪐ure. Efforts in tree planting promote a sustainable future. G🍄lobal campaigns protect its future.,0,0,0,0,Amazon,Medium  
2.0418E+18,2026-04-08T08:52:03.000Z,1001766774,"@almairagroup @slimvnsn This Book THE ABSENT FATHER explained it all. Get it for yourself and your man. You won't regret it. ALSO AVAILABLE ON AMAZON
https://t.co/FO3JHQJ4C3",0,0,0,0,Amazon,Low  
2.0418E+18,2026-04-08T08:52:02.000Z,1.87937E+18,"@heyravenfox I’m Vicky from Moiame, an Amazon pleasure brand.Our brands include Tantaly, Paloqueth, and Vivifie.
We’re currently gifting products to a small group of creators we love on X, and your content really stood out ✨
If you’re open, we’d love to send you a complimentary toy in",0,0,0,0,Amazon,Low  
2.0418E+18,2026-04-08T08:51:52.000Z,1.54672E+18,"@RedactedKelly45 Enjoy historical fiction? You will love these adventures into prehistoric times, forty thousand years ago, when the last Neanderthals struggled for survival. The Last Neanderthal Clan is available on Amazon in e-book and print formats and Audible in audio format. https://t.co/c1uTmzNuGN",0,0,0,0,Amazon,Low 
2.0418E+18,2026-04-08T08:51:52.000Z,1001766774,"@AwalaAle @slimvnsn This Book THE ABSENT FATHER explained it all. Get it for yourself and your man. You won't regret it. ALSO AVAILABLE ON AMAZON
https://t.co/FO3JHQJ4C3",0,0,0,0,Amazon,Low  
2.0418E+18,2026-04-08T08:51:46.000Z,1001766774,"@MolayoZion @slimvnsn This Book THE ABSENT FATHER explained it all. Get it for yourself and your man. You won't regret it. ALSO AVAILABLE ON AMAZON
https://t.co/FO3JHQJ4C3",0,0,0,0,Amazon,Low  
2.0418E+18,2026-04-08T08:51:18.000Z,85741735,"@abdou_sonbol @amazon @abdou_sonbol Hi, we're sorry to hear that you received an item in this condition. We'd like to help you with this, please reach out to us via DM. We will do our best to assist. Further, please don’t provide your order/account details over DM as we consider them to be personal https://t.co/1XyLaGkcaN",0,0,0,0,Amazon,High 
2.0418E+18,2026-04-08T08:51:17.000Z,1.6957E+18,"We're the Millers (2013) 🔞
IMDb: 7.0/10⭐️
Black comedy road film directed by Rawson Marshall
Tamil dubbed available on Amazon Prime.

The plot follows a small-time pot dealer (Sudeikis) who convinces his neighbors to help him by pretending to be his family in order to smuggle https://t.co/1m7D0pSCJu",0,0,0,0,Amazon,Low 
2.0418E+18,2026-04-08T08:51:16.000Z,1.75143E+18,"Amazon Basics Pet Food Storage Container 50lbs 
https://t.co/YljzekoC3P https://t.co/VCZNTSjzQ7",0,0,0,0,Amazon,Low  
2.0418E+18,2026-04-08T08:51:07.000Z,1.87937E+18,"@themintsicle I’m Vicky from Moiame, an Amazon pleasure brand.Our brands include Tantaly, Paloqueth, and Vivifie.
We’re currently gifting products to a small group of creators we love on X, and your content really stood out ✨
If you’re open, we’d love to send you a complimentary toy in",0,0,0,0,Amazon,Low  
2.0418E+18,2026-04-08T08:51:07.000Z,615063544,"MAKING CONTACT and Other Short Stories is my third collection of 14 short stories in various genres. Her Demonic Angel and Caravan of Nightmares are the other two.
My 24 Kindles (free with KU), paperbacks, and audiobooks are on Amazon.
https://t.co/k8E9cWqaDz https://t.co/D3IYRhjLUx",0,0,0,0,Amazon,Low 
2.0418E+18,2026-04-08T08:50:54.000Z,1.16128E+18,"Watching Amazon ($AMZN)
But what if the real edge isn't in the news, but in its calendar?
This chart reveals a powerful seasonal pattern that has consistently delivered gains for years.
A thread... 🧵 👇
#StockMarket #Investing #SP500 #Nasdaq100 https://t.co/hZlAa5ORgA",0,0,0,0,Amazon,Low  
2.0418E+18,2026-04-08T08:50:54.000Z,8.73176E+17,"@smotrov_oleksii @awscloud It may be worth to play around with it, but the blog says that it ""connects any AWS compute resource directly with your data in Amazon S3"" - where did you see the ""any Linux-based"" being mentioned?",0,0,0,0,Amazon,Medium 
2.0418E+18,2026-04-08T08:50:42.000Z,3407869841,"It is unassailably paramount that the Congo and the Amazon basins get the full urgent attention they deserve garnering the support of the Paris-New York-London fashion assignment perhaps, for added gravitas? If they disappear through our indifference it is Game Over for life here https://t.co/kYZ1jyIYQH",0,0,0,0,Amazon,Low  
2.0418E+18,2026-04-08T08:50:41.000Z,85741735,"@SatyamS420 @amazon @amazonIN @SatyamS420 We're sorry to hear that your order was cancelled. Kindly reach out to our team here for further assistance https://t.co/xqAeeVhhCq
Please be informed that the link mentioned will stay active for 1 hour.

-Venu",0,0,0,0,Amazon,High 
2.0418E+18,2026-04-08T08:50:39.000Z,1.54672E+18,"@Anne04260426 Enjoy historical fiction? You will love these adventures into prehistoric times, forty thousand years ago, when the last Neanderthals struggled for survival. The Last Neanderthal Clan is available on Amazon in e-book and print formats and Audible in audio format. https://t.co/KaL4VPPADS",0,0,0,0,Amazon,Low  
2.0418E+18,2026-04-08T08:50:39.000Z,2.01047E+18,"🌿 Unlock Natural Power with Shilajit LixPro 💪
✔ Boosts energy &amp; stamina
✔ Supports strength &amp; vitality
✔ Made with powerful Ayurvedic ingredients

🛒 Order Now from Amazon
https://t.co/13P6YODEHB

#Shilajit #menshealth #ayurvedicpower #staminabooster #immunityboost https://t.co/xMx3FZLiny",0,0,0,0,Amazon,Low 
2.0418E+18,2026-04-08T08:50:34.000Z,1.54672E+18,"@Kate41302074312 Enjoy historical fiction? You will love these adventures into prehistoric times, forty thousand years ago, when the last Neanderthals struggled for survival. The Last Neanderthal Clan is available on Amazon in e-book and print formats and Audible in audio format. https://t.co/lcMPqeRUim",0,0,0,0,Amazon,Low  
2.0418E+18,2026-04-08T08:50:29.000Z,1.54672E+18,"@15Bamakimbo Enjoy historical fiction? You will love these adventures into prehistoric times, forty thousand years ago, when the last Neanderthals struggled for survival. The Last Neanderthal Clan is available on Amazon in e-book and print formats and Audible in audio format. https://t.co/JJ3PtKLnYl",1,1,1,0,Amazon,Low 
2.0418E+18,2026-04-08T08:50:26.000Z,1001766774,"@_MykletryX @slimvnsn This Book THE ABSENT FATHER explained it all. Get it for yourself and your man. You won't regret it. ALSO AVAILABLE ON AMAZON
https://t.co/FO3JHQJ4C3",0,0,0,0,Amazon,Low  
2.0418E+18,2026-04-08T08:50:22.000Z,2.02468E+18,"@smoochesbyjojo Earthquake shoes...Tito, Amazon!",0,0,0,0,Amazon,Low 
2.0418E+18,2026-04-08T08:50:17.000Z,1001766774,"@Okolikomatts @slimvnsn This Book THE ABSENT FATHER explained it all. Get it for yourself and your man. You won't regret it. ALSO AVAILABLE ON AMAZON
https://t.co/FO3JHQJ4C3",0,0,0,0,Amazon,Low  
2.0418E+18,2026-04-08T08:50:10.000Z,1001766774,"@roaville @slimvnsn This Book THE ABSENT FATHER explained it all. Get it for yourself and your man. You won't regret it. ALSO AVAILABLE ON AMAZON
https://t.co/FO3JHQJ4C3",0,0,0,0,Amazon,Low  
2.0418E+18,2026-04-08T08:50:09.000Z,1.68852E+18,"@MrsCMFrancis I just got this in two forms. There is the fruit and the oil. I got the powder on Amazon. It tastes pretty good. I added some to butternut squash soup and I really liked it - if you eat a clump it’s pretty sour. I also made a drink with a tsp, chia seeds and a greens powder that",0,0,0,0,Amazon,Low  
2.0418E+18,2026-04-08T08:50:04.000Z,3010244950,"@NewsNation Walmart and Sam's corporate is using 3rd party Contract Labor to compete against Amazon.

Licensed and Can Not Read Signs or Delivery Instructions 

@AAGDhillon @GageGoulding @GovAbbottPress @GovRonDeSantis",0,0,0,0,Amazon,Low  
2.0418E+18,2026-04-08T08:50:04.000Z,1001766774,"@ElekwachiChimez @slimvnsn This Book THE ABSENT FATHER explained it all. Get it for yourself and your man. You won't regret it. ALSO AVAILABLE ON AMAZON
https://t.co/FO3JHQJ4C3",0,0,0,0,Amazon,Low  
2.0418E+18,2026-04-08T08:49:56.000Z,1001766774,"@tinanwaka002 @slimvnsn This Book THE ABSENT FATHER explained it all. Get it for yourself and your man. You won't regret it. ALSO AVAILABLE ON AMAZON
https://t.co/FO3JHQJ4C3",0,0,0,0,Amazon,Low  
2.0418E+18,2026-04-08T08:49:55.000Z,3197424982,"@NDIronsMP Sadly should be more like 30bn nationwide!.
Get closing tax Loopholes. Banks need to Big  chip in. Online likes of Amazon and other Big techs should be helping?. And stop bankers Bonuses!. Give the kids a Chance!.",0,0,0,0,Amazon,Low  
2.0418E+18,2026-04-08T08:49:54.000Z,1.99106E+18,"AI cost tracking just got precise.

Amazon Bedrock Projects lets you tag workloads and attribute every inference cost to a specific app, team, or environment.

No more guessing spend—clear visibility, cleaner chargebacks, smarter optimization. https://t.co/4RHW7sfiKG",0,0,0,0,Amazon,Low  
2.0418E+18,2026-04-08T08:49:50.000Z,1001766774,"@thecharmingvybz @slimvnsn @Ghoste100 This Book THE ABSENT FATHER explained it all. Get it for yourself and your man. You won't regret it. ALSO AVAILABLE ON AMAZON
https://t.co/FO3JHQJ4C3",0,0,0,0,Amazon,Low  
2.0418E+18,2026-04-08T08:49:43.000Z,1.87937E+18,"@LainaGrimes I’m Vicky from Moiame, an Amazon pleasure brand.Our brands include Tantaly, Paloqueth, and Vivifie.
We’re currently gifting products to a small group of creators we love on X, and your content really stood out ✨
If you’re open, we’d love to send you a complimentary toy in",0,0,0,0,Amazon,Low  
2.0418E+18,2026-04-08T08:49:41.000Z,1001766774,"@JohnNetworQ @slimvnsn This Book THE ABSENT FATHER explained it all. Get it for yourself and your man. You won't regret it. ALSO AVAILABLE ON AMAZON
https://t.co/FO3JHQJ4C3",0,0,0,0,Amazon,Low  
2.0418E+18,2026-04-08T08:49:40.000Z,2.0418E+18,"I have a stalker so I had to delete change everything from social media, address and job. And @amazon  customer service has no idea how to do anything but place you on mute. They are great at that.  Cancel my service",0,0,0,0,Amazon,Medium  
2.0418E+18,2026-04-08T08:49:34.000Z,1001766774,"@OErhiyoma @slimvnsn This Book THE ABSENT FATHER explained it all. Get it for yourself and your man. You won't regret it. ALSO AVAILABLE ON AMAZON
https://t.co/FO3JHQJ4C3",0,0,0,0,Amazon,Low 
2.0418E+18,2026-04-08T08:49:34.000Z,239106955,now in hardback Amazon Books https://t.co/V0lQt82Td0,0,0,0,0,Amazon,Low  
2.0418E+18,2026-04-08T08:49:27.000Z,2.02692E+18,"⋆‧°𓏲ּ𝄢 Message me with what you want and be ready to pay or you will be ignored. Tributes to talk &lt;3 
I love being spoiled by weak men on the internet 💫 message for my Amazon wishlist 🩵 fetish friendly and MY OF IS FREE (caught you lurking? Send 💗🌀😵‍💫) #onlyfans https://t.co/WpHY6KelA1",0,0,0,0,Amazon,Low  
2.0418E+18,2026-04-08T08:52:38.000Z,2251945872,LOOK AT T-TORUUUUUUUUUUUUU AHHHHHHHHHHHHHHHHHHHHHHHHHHHHH https://t.co/6s26tI3KP5,0,0,0,0,AT&T,Low  
2.0418E+18,2026-04-08T08:42:14.000Z,1354758176,"7. The T. Rowe Price Asset Allocation Analyzer

""You are a senior asset allocation strategist at T. Rowe Price who evaluates whether investor portfolios are properly allocated across asset classes for their specific age, goals, and risk tolerance.

I need a complete asset",0,1,0,0,AT&T,Medium  
2.0418E+18,2026-04-08T08:38:43.000Z,8.44547E+17,"Pleasure hosting Aditya Naag at T-Works to discuss intrapreneurship, building a maker mindset within teams, and how Maruti Suzuki can collaborate with T-Works to turn employee ideas into deployment-ready innovations. https://t.co/6mMAexTdYx",0,0,0,0,AT&T,Medium  
2.04179E+18,2026-04-08T08:23:38.000Z,1.41718E+18,Did he bench LeBron gor going 1 for 4 down the stretch at t he line vs. The Mavericks? https://t.co/L5Au63wFXq,0,0,0,0,AT&T,Low  
2.04179E+18,2026-04-08T08:22:09.000Z,62470836,My grocery bill w🪐as $187 for like 8 items. I stood there staring at t🌺he receipt like it owed me money. 2026 inflation hits different,0,0,0,0,AT&T,Low  
2.04179E+18,2026-04-08T08:08:27.000Z,15904683,Chiefs Kingdom is a hot kingdom 😂TOMORROW. JON HAMM @ATT https://t.co/3vmnweV6M9 via @YouTube,1,0,0,0,AT&T,Low  
2.04179E+18,2026-04-08T08:07:54.000Z,15904683,Rate the Kelce brothers’ Masters Champions Dinner menus @ATT https://t.co/DG7dVyYuW0 via @YouTube,0,0,0,0,AT&T,Low  
2.04179E+18,2026-04-08T08:00:06.000Z,1.76202E+18,@bbbmidwestplain @ATT Time to get the better business bureau in to investigate @ATT,1,0,1,0,AT&T,Medium 
2.04179E+18,2026-04-08T07:58:31.000Z,1.76202E+18,@bbbmidwestplain Hours beyond hours spent in conversation and opening cases FOR NOTHING to be done and NO follow up!!!! @ATT has some shady stuff going on!!!!!!!,1,2,1,1,AT&T,High 
2.04179E+18,2026-04-08T07:51:45.000Z,1.76202E+18,@ATT  is the BIGGEST scammer there is!! For MONTHS I have been trying to get my bill fixed of THEIR mistakes!! They keep saying they will fix it and NOTHING only MORE charges!!!,1,1,1,0,AT&T,High 
2.04178E+18,2026-04-08T07:44:20.000Z,8.80578E+17,"How E! Tried, And Failed, To Bring The #MeToo Movement To The Red Carpet. At t",0,0,0,0,AT&T,Low  
2.04178E+18,2026-04-08T07:27:35.000Z,1.2127E+18,@Roommates__Show @IanBegley @ATT Ewing wins a Championship.  Anything else is a far distant second.,0,0,0,0,AT&T,Low  
2.04178E+18,2026-04-08T07:23:23.000Z,1.5061E+18,@Roommates__Show @NBA_NewYork @ATT Yo thanks for putting my question in the vid. Shout out to yall ❤️🔵🟠🗽,1,1,1,1,AT&T,Medium 
2.04177E+18,2026-04-08T07:06:54.000Z,1.6487E+18,@Roommates__Show @ATT Waiting til the summer to sign Melo as a FA instead of gutting the team in a sign and trade,0,0,0,0,AT&T,Low  
2.04177E+18,2026-04-08T06:55:17.000Z,1.62453E+18,"@ATT With 150 years of innovation, often without ""counting"" publicly, what's your take on adopting #BuildInPublic now? What unique benefits or hurdles does it present for a legacy brand?",0,0,0,0,AT&T,Low  
2.04177E+18,2026-04-08T06:33:54.000Z,2.04042E+18,"🚨 EXTREME URGENCY:

Illegal construction at T-74B(2, Khirki Extension REPAIRED after MCD demolition despite Delhi HC order.

Now being prepared for SALE.

Public safety + court order both ignored.

@MCD_Delhi @DelhiPolice @CPDelhi @LtGovDelhi  

#IllegalConstruction #Delhi",0,0,0,0,AT&T,High 
2.04177E+18,2026-04-08T06:32:33.000Z,2.04042E+18,"🚨 Illegal construction at T-74B(2, Khirki Extension REPAIRED after MCD demolition despite Delhi HC order (W.P.(C) 627/2025).

Now being prepared for SALE.

Request @rera_delhi to intervene &amp; stop any illegal sale.

@MCD_Delhi @DelhiPolice @LtGovDelhi  

#IllegalConstruction https://t.co/IqNDlG2JzF",0,0,0,0,AT&T,Low  
2.04176E+18,2026-04-08T06:26:21.000Z,2.04147E+18,@boy_director make person no go mad if e no play at t😤😤he end of the day,0,0,0,0,AT&T,Low  
2.04176E+18,2026-04-08T06:23:15.000Z,1.72408E+18,@Roommates__Show @ATT That game 1 va Indiana was the biggest choke job,0,0,0,0,AT&T,Low  
2.04176E+18,2026-04-08T06:19:39.000Z,51671343,@StephenLewand15 @Roommates__Show @NBA_NewYork @ATT They didnt have a chance to draft steph he was the pick b4,0,0,0,0,AT&T,Low  
2.04176E+18,2026-04-08T06:11:56.000Z,2.04042E+18,"🚨 Urgent: Illegal construction at T-74B(2), Khirki Extension, Malviya Nagar REPAIRED despite Delhi HC order (W.P.(C) 627/2025) &amp; MCD action Now being prepared for SALE Request @official_dda to intervene along with @MCD_Delhi @DelhiPolice @LtGovDelhi #IllegalConstruction https://t.co/4M8cSNPcKm",1,0,1,0,AT&T,High 
2.04176E+18,2026-04-08T06:07:32.000Z,2.04042E+18,"Urgent Media Attention Needed Despite Delhi HC order &amp; MCD action, illegal structure at T-74B2, Khirki Extension has been REPAIRED &amp; is being prepared for SALE Residents at risk No action on ground @ndtv @aajtak @ABPNews @TimesNow  @DCPSouthDelhi @CPDelhi @gupta_rekha @MCD_Delhi https://t.co/DoxBJiqVf2",1,0,1,0,AT&T,High 
2.04176E+18,2026-04-08T06:05:15.000Z,2.04042E+18,"⚖️ Serious Concern Despite Delhi HC order (W.P.(C) 627/2025), illegal structure at T-74B(2, Khirki Extension has been REPAIRED after MCD demolition &amp; is now being prepared for sale Is this not contempt? @MCD_Delhi @DelhiPolice @LtGovDelhi  @DelhiHighCourt @BarCouncilofIndia https://t.co/OQadCLYm0t",1,0,1,0,AT&T,High 
2.04176E+18,2026-04-08T06:03:25.000Z,2.04042E+18,"Delhi HC order passed. MCD took action.  
Yet illegal structure at T-74B(2, Khirki Extension is FULLY REPAIRED
Now being prepared for SALE
Who allowed this? Who is accountable?
@MCD_Delhi @DelhiPolice @LtGovDelhi @CPDelhi  @gupta_rekha 
#IllegalConstruction #Delhi #Accountability",1,0,1,0,AT&T,Low  
2.04176E+18,2026-04-08T06:02:15.000Z,2.04042E+18,"Delhi HC order. MCD demolition done.

Yet, illegal structure at T-74B(2, Khirki Extension is REPAIRED &amp; being readied for sale.

Blatant violation. No action.

Does court order mean nothing?

@MCD_Delhi @DelhiPolice @LtGovDelhi  
@gupta_rekha 
#Delhi #IllegalConstruction https://t.co/L4KhMPlGf8",1,0,1,0,AT&T,Low  
2.04176E+18,2026-04-08T05:53:41.000Z,2.04042E+18,"MCD complaint ID: 260406163485210737) registered but NO ACTION Illegal construction at T-74B(2, Khirki Extension STILL ongoing.  
Residents at risk &amp; facing threats Urgent intervention needed:
@LtGovDelhi @MCD_Delhi @DelhiPolice @DCPSouthDelhi  @gupta_rekha 
@PMOIndia @HMOIndia https://t.co/HxzVzw1GSE",1,0,1,0,AT&T,Low  
2.04176E+18,2026-04-08T05:51:13.000Z,2.04042E+18,"⚠️Update Complaint registered (Ticket ID: 260406163485210737) by MCD However illegal construction at T-74B(2), Khirki Extension is STILL ongoin No ground action taken yet. Residents remain at risk &amp; under threat. Request immediate intervention @MCD_Delhi @DelhiPolice @LtGovDelhi https://t.co/kWxSHqYG2c",1,0,1,0,AT&T,High 
2.04176E+18,2026-04-08T05:49:03.000Z,2.04042E+18,"⚠️ Update Complaint registered (Ticket ID: 260406163485210737) by MCD However illegal construction at T-74B(2), Khirki Extension is STILL ongoing No ground action taken yet Residents remain at risk &amp; under threat Request immediate intervention.@MCD_Delhi @DelhiPolice @LtGovDelhi https://t.co/93atvzkUY6",1,0,1,0,AT&T,High 
2.04176E+18,2026-04-08T05:48:43.000Z,5808642,@AtkinsonChip @ATTHelp I have exactly the same problem!,0,0,0,0,AT&T,Medium 
2.04175E+18,2026-04-08T05:25:22.000Z,1.81526E+18,@nineteenJS @Reggiej57954895 @UConnMBB @ATT @nineteenJS You're a Uconn fan but don't even know anything about your team. Uconn is bottom quarter of division one basketball in offensive free throw rate and in defensive free throw rate. Meaning Uconn opponents get to the line a lot while Uconn doesn't get to the line a lot. https://t.co/9zFPON5Vy9,0,0,0,0,AT&T,Low  
2.04175E+18,2026-04-08T05:18:58.000Z,1.41651E+18,@USMobile Wish @ATT would do this.,0,0,0,0,AT&T,Low  
2.04175E+18,2026-04-08T05:18:29.000Z,598826392,I’m 311 @ATT check my record https://t.co/CnNsyc9d3o https://t.co/PiaBhkVGhX,0,0,0,0,AT&T,Low  
2.04175E+18,2026-04-08T05:16:29.000Z,1.43652E+18,@Hassan_01890 @Marb_market Telegram community at t. me/marbmarket is worth joining early for the governance context. Understanding community sentiment before major vote periods improves participation quality.,0,0,0,0,AT&T,Low  
2.04175E+18,2026-04-08T05:10:00.000Z,557476172,"#OnThisDay in 1967, the Wednesday Way,  in the QF of the FA Cup -  heartbreak for #swfc after an injury time goal which saw @ChelseaFC win the tie 1-0 in front of 52,481 at t' Bridge.  Hundreds of Chelsea ST holders missed the goal as they were already queuing for replay tickets! https://t.co/R9G9fZ43Ff",9,0,1,0,AT&T,Low  
2.04174E+18,2026-04-08T05:07:37.000Z,1.19404E+18,@ScootMcGoot7 @LaurenS77 @newheightshow @ATT @JasonKelce @tkelce @CBSSports @TheMasters and he looks like he's high🤣🤣,0,0,0,0,AT&T,Low  
2.04174E+18,2026-04-08T05:06:12.000Z,1.19404E+18,@Elaine_V29 @newheightshow @ATT @JasonKelce @tkelce @CBSSports @TheMasters I would be willing to bet that Trav will still probably have the most🤣🤦‍♀️,0,0,0,0,AT&T,Low  
2.04174E+18,2026-04-08T04:45:21.000Z,63805060,"Past designs. Future ideas. 
Take a look at T-shirt designs from the 2022 and 2024 World Congress on Pain. 
Submit your design for 2026. https://t.co/F9JNxQpqgQ 
Deadline: 21 April 2026 https://t.co/tqTI01LQOv",0,0,0,0,AT&T,Low  
2.04174E+18,2026-04-08T04:35:58.000Z,1.99602E+18,@krassenstein Cuckstein to at T https://t.co/LBeFg2cQSZ,0,0,0,0,AT&T,Low  
2.04174E+18,2026-04-08T04:30:57.000Z,503570148,"@Roommates__Show @ATT Lucky sperm club never taking control and you avoid 
Isiah Thomas as POBO and sex harasser 
Phil Jackson as POBO 
Selling what is now a very profitable wnba team 
Missing Steph curry in the draft 
Many shitty picks and bad contracts 
LeBron hating the whole ass franchise",0,0,0,0,AT&T,Low  
2.04173E+18,2026-04-08T04:27:49.000Z,503570148,"@Roommates__Show @ATT Charles smith missing 5 layups under the basket

John Starks going 2-18 in game 7 of the finals 

Lucky sperm club Dolan quitting cocaine and booze",0,1,0,0,AT&T,Low  
2.04173E+18,2026-04-08T04:18:30.000Z,2.01631E+18,@ATTHelp Thanks will do 🤜🤛,0,0,0,0,AT&T,Low  
2.04173E+18,2026-04-08T04:13:10.000Z,1.71912E+18,"BREAKING: I WILL BE SUING @ATT FOR $198 BILLION

I was setup to be on a business account without my permission and my knowledge from the very start of signing up to join AT&amp;T … furthermore, I was told that at each AT&amp;T store that closest to me that I can’t get any help from a",2,2,0,0,AT&T,High 
2.04173E+18,2026-04-08T04:12:32.000Z,569318601,Rep. Jim Jordan''s Judiciary Twitter Account Finds ''Threat'' In Pic Of Docs At T,0,0,0,0,AT&T,Low  
2.04173E+18,2026-04-08T04:12:29.000Z,1.65433E+18,"@emergentlabs @ycombinator @LightspeedIndia @Razorpay Vibecon 2026 Pitch video attaching for your reference: https://t.co/vjWUV7xVmT
(Shot  at T-Hub, Hyderbad)

@mukul_classplus @polaris_code @emergentlabs @ycombinator @jddeep003",1,0,0,0,AT&T,Low  
2.04173E+18,2026-04-08T04:07:10.000Z,1.54505E+18,"@yanisvaroufakis Why would civil society ever want to reconnect with the West? That ship has sailed and the only people that want to to get back to ""business as usual"" are oligarchs (exactly those who you talked to at T-bank event or whatever the fuck) https://t.co/PgLU8NzARZ",5,0,0,0,AT&T,Low 
2.04173E+18,2026-04-08T04:00:51.000Z,2.01631E+18,"so whoever was so smart they enrolled ly phone in mdm and took over the second esim that @ATT wont remove 

Is such a genius that their wearables have blended into my ecosystem

visionpro
applewatch with garmin
jabra ear buds 
shareplay 
driving focus 

And 1/2",0,2,0,0,AT&T,Medium 
2.04172E+18,2026-04-08T03:39:38.000Z,1.72067E+18,"@TradingNewsApp @DudespostingWs This clip is from June 10, 2024, at T-Mobile Park during a Seattle Mariners ""Bark at the Park"" night vs. the Chicago White Sox. The Golden Retriever (Dash) was caught on NBC Sports Chicago's camera devouring the full Mariner Dog—bun, ketchup, mustard, and all. It first went",0,0,0,0,AT&T,Low  
2.04172E+18,2026-04-08T03:39:26.000Z,1.32106E+18,@SethLevy1150650 @Roommates__Show @ATT I came to the conclusion that he was a few steps too far to dunk it and he may have been thinking of the seconds left too much.,0,0,0,0,AT&T,Low  
2.04172E+18,2026-04-08T03:31:36.000Z,1.17745E+18,"@Erickschultz11 @DavidJHarrisJr It did come from something. We're pretty sure it was a singularity. However, we probably can't know for sure what happened at t=0, only what happend at t=n+1, where n is greater than or equal to 0, otherwise known as the Planck Second.",1,1,0,0,AT&T,Low 
2.04172E+18,2026-04-08T03:23:34.000Z,292586105,Do not get @att cell service. This is worst than boost mobile I swear to god,0,0,0,0,AT&T,Low  